example_id,final_gpt41mini_label,tiebreak_gpt41mini_label,decision
sm_012f1c4e7d2d0977,yes,,retain_final_yes_partial
sm_019a7301ad5527fc,partial,,retain_final_yes_partial
sm_01f97e48ea19bf33,yes,,retain_final_yes_partial
sm_0212817cae1779d6,yes,,retain_final_yes_partial
sm_026201dc611655b7,yes,,retain_final_yes_partial
sm_026677c2fd2c9d8f,yes,,retain_final_yes_partial
sm_03d1484f677739c9,yes,,retain_final_yes_partial
sm_03f6d0c07ec34026,partial,,retain_final_yes_partial
sm_045cff92e403984f,partial,,retain_final_yes_partial
sm_04aed55deb35e650,yes,,retain_final_yes_partial
sm_04b191d2bc1ab953,partial,,retain_final_yes_partial
sm_04d26b233f47fac1,partial,,retain_final_yes_partial
sm_05006adab5df3e4e,yes,,retain_final_yes_partial
sm_057e0775acc7b1d0,yes,,retain_final_yes_partial
sm_05cb92a37f607d9f,yes,,retain_final_yes_partial
sm_063f932be77a0715,yes,,retain_final_yes_partial
sm_0647dff725f6c720,yes,,retain_final_yes_partial
sm_0651bc9dc48359b0,partial,,retain_final_yes_partial
sm_0657dd5aade7f4be,yes,,retain_final_yes_partial
sm_067c086dc442cc46,partial,,retain_final_yes_partial
sm_0694a92e907422d1,partial,,retain_final_yes_partial
sm_072970a26dc058a8,yes,,retain_final_yes_partial
sm_083e609569e8168d,yes,,retain_final_yes_partial
sm_088d42e021525901,partial,,retain_final_yes_partial
sm_08b5fd4bc375a032,partial,,retain_final_yes_partial
sm_098cc6810bac9300,yes,,retain_final_yes_partial
sm_09d2916612f8c78d,partial,,retain_final_yes_partial
sm_0a42108787006ee7,yes,,retain_final_yes_partial
sm_0a73c5c7625dfc90,yes,,retain_final_yes_partial
sm_0cd7a28d011ab877,yes,,retain_final_yes_partial
sm_0d1cf620a95cef59,yes,,retain_final_yes_partial
sm_0d261f628cb47456,yes,,retain_final_yes_partial
sm_0d51947167375f4e,yes,,retain_final_yes_partial
sm_0ddb38ed1eeb1794,yes,,retain_final_yes_partial
sm_0ddeed3701b9d5f0,partial,,retain_final_yes_partial
sm_0dea7c68fcf1cf65,partial,,retain_final_yes_partial
sm_0e2107ba7bfcb9ed,partial,,retain_final_yes_partial
sm_0f2cdff646f0862e,partial,,retain_final_yes_partial
sm_0fcc4125548ab010,partial,,retain_final_yes_partial
sm_0feb3616c0d97184,yes,,retain_final_yes_partial
sm_0ff585db0c6f3b8e,yes,,retain_final_yes_partial
sm_103309545742f023,yes,,retain_final_yes_partial
sm_10db5941fa71a34f,partial,,retain_final_yes_partial
sm_10e1f890af9d82b9,yes,,retain_final_yes_partial
sm_10f1aaedc66dd3fe,yes,,retain_final_yes_partial
sm_11412fd3b67e4f6b,yes,,retain_final_yes_partial
sm_11ab6bbab8015061,yes,,retain_final_yes_partial
sm_11ac451f60e43ffe,yes,,retain_final_yes_partial
sm_1219cb7383775baa,partial,,retain_final_yes_partial
sm_12b1915eb65b6d27,yes,,retain_final_yes_partial
sm_12de0d81933c0542,yes,,retain_final_yes_partial
sm_13e8a2a8bfb5d7d6,yes,,retain_final_yes_partial
sm_144cf34bd710c00a,yes,,retain_final_yes_partial
sm_14c45452447a4254,partial,,retain_final_yes_partial
sm_15a5cb04f705d4ee,yes,,retain_final_yes_partial
sm_15a9da023fee1994,partial,,retain_final_yes_partial
sm_163f501d69eee795,partial,,retain_final_yes_partial
sm_16bcfa92c14f552b,partial,,retain_final_yes_partial
sm_176059b2ed60e876,yes,,retain_final_yes_partial
sm_17660a644cc46b67,partial,,retain_final_yes_partial
sm_17ab2428f0d0993d,yes,,retain_final_yes_partial
sm_17ca366ee6a98b38,partial,,retain_final_yes_partial
sm_18e93f309d5c1c2d,yes,,retain_final_yes_partial
sm_18f1df6ca311950e,yes,,retain_final_yes_partial
sm_18fdf40a4c6545de,yes,,retain_final_yes_partial
sm_192ec3f4e996b316,yes,,retain_final_yes_partial
sm_193169089aa01063,yes,,retain_final_yes_partial
sm_19d901cbf7dbb263,yes,,retain_final_yes_partial
sm_19e2679f0d5c438b,partial,,retain_final_yes_partial
sm_1a3efc3b57f71273,partial,,retain_final_yes_partial
sm_1ae4f5e4d2d4dfec,yes,,retain_final_yes_partial
sm_1b64bca745040e5a,partial,,retain_final_yes_partial
sm_1b681d18dd0110b0,partial,,retain_final_yes_partial
sm_1cc6f669d04a5343,yes,,retain_final_yes_partial
sm_1d2cb861050e0ecd,partial,,retain_final_yes_partial
sm_1d5a9527ceb37c98,yes,,retain_final_yes_partial
sm_1d633861321d3278,partial,,retain_final_yes_partial
sm_1dc16b07bd6156d7,yes,,retain_final_yes_partial
sm_1e5eb9b5ecd936d2,partial,,retain_final_yes_partial
sm_1ede7cf432f10d6f,partial,,retain_final_yes_partial
sm_1f494e92d51412b9,partial,,retain_final_yes_partial
sm_1fbd0dc2dea5129a,yes,,retain_final_yes_partial
sm_2039d52f3b83a87e,yes,,retain_final_yes_partial
sm_205a24f19ab51ca3,partial,,retain_final_yes_partial
sm_20e27b9dbb1e7ffe,partial,,retain_final_yes_partial
sm_21040e1f9cca5825,partial,,retain_final_yes_partial
sm_21376c72d0119b9c,yes,,retain_final_yes_partial
sm_217161ad0efd324e,yes,,retain_final_yes_partial
sm_21ad9b73a5d5679e,yes,,retain_final_yes_partial
sm_21de6c9349c7a206,partial,,retain_final_yes_partial
sm_22361cc3f8affc2b,yes,,retain_final_yes_partial
sm_22c44558704cc41b,yes,,retain_final_yes_partial
sm_22f67c3ba1344d20,yes,,retain_final_yes_partial
sm_24ac99d0678d3b75,partial,,retain_final_yes_partial
sm_24ca6845470eb2ce,yes,,retain_final_yes_partial
sm_25187f94df16ad9e,yes,,retain_final_yes_partial
sm_25dafc595108c997,no,no,exclude_confirmed_no
sm_27df091e48fa26fa,yes,,retain_final_yes_partial
sm_2818d1d2c61ca6bd,yes,,retain_final_yes_partial
sm_28d0df848e0f7716,partial,,retain_final_yes_partial
sm_291df32c94298827,partial,,retain_final_yes_partial
sm_296518e7c52e54ff,yes,,retain_final_yes_partial
sm_29b86376220dfcf8,partial,,retain_final_yes_partial
sm_29ccb09e9be607dc,partial,,retain_final_yes_partial
sm_29eca4ea820f781b,yes,,retain_final_yes_partial
sm_2a3f4a4e459c32ff,yes,,retain_final_yes_partial
sm_2a4ba88b5d729122,yes,,retain_final_yes_partial
sm_2a53b7e62d63b53e,yes,,retain_final_yes_partial
sm_2a9b052e49439dd2,yes,,retain_final_yes_partial
sm_2b4cf2a748052bee,partial,,retain_final_yes_partial
sm_2ba4002998b9da5d,yes,,retain_final_yes_partial
sm_2c0f0a0d4c1a0069,partial,,retain_final_yes_partial
sm_2c1ab33705e16905,yes,,retain_final_yes_partial
sm_2c37505a8142731b,yes,,retain_final_yes_partial
sm_2c7fdc063bf40a76,yes,,retain_final_yes_partial
sm_2d0e9b6d936923df,yes,,retain_final_yes_partial
sm_2d20f515a4185e15,partial,,retain_final_yes_partial
sm_2d8c7e3124f0c022,yes,,retain_final_yes_partial
sm_2de3fb14c0cd6b22,yes,,retain_final_yes_partial
sm_2e2e9c217cff0a88,yes,,retain_final_yes_partial
sm_2e64246f85fa4339,yes,,retain_final_yes_partial
sm_2eea64833b578b8d,partial,,retain_final_yes_partial
sm_2f731a0f4b3c9b29,partial,,retain_final_yes_partial
sm_2f918b15886f688e,yes,,retain_final_yes_partial
sm_30942e352eb80646,yes,,retain_final_yes_partial
sm_30ade70ad3124dfa,partial,,retain_final_yes_partial
sm_30afc29bedfdc322,partial,,retain_final_yes_partial
sm_3112f657d1013229,yes,,retain_final_yes_partial
sm_31294b818e862c04,yes,,retain_final_yes_partial
sm_31716e90e3ed912e,yes,,retain_final_yes_partial
sm_31e54529751d7f89,yes,,retain_final_yes_partial
sm_32153eb9fee0fa9e,partial,,retain_final_yes_partial
sm_324345c8cb481ca7,partial,,retain_final_yes_partial
sm_32584ac6fd7b5764,partial,,retain_final_yes_partial
sm_32a1504be52b661c,partial,,retain_final_yes_partial
sm_32e02b3acf87ce58,yes,,retain_final_yes_partial
sm_33cf6e75e5489677,yes,,retain_final_yes_partial
sm_3434a6bfdf55c5d9,yes,,retain_final_yes_partial
sm_34451000e18d3b1a,yes,,retain_final_yes_partial
sm_3459fd118ace5750,yes,,retain_final_yes_partial
sm_352172189290834c,yes,,retain_final_yes_partial
sm_3594403d5914eadd,yes,,retain_final_yes_partial
sm_360e5eac248ea73f,partial,,retain_final_yes_partial
sm_361e052f9db55095,partial,,retain_final_yes_partial
sm_36cdc50483bef03d,yes,,retain_final_yes_partial
sm_36eeab6c607d4b15,yes,,retain_final_yes_partial
sm_37074ca2088d2385,yes,,retain_final_yes_partial
sm_376e9740a8f906f0,yes,,retain_final_yes_partial
sm_3828b39e90b96fdb,partial,,retain_final_yes_partial
sm_388fa33aa347059a,yes,,retain_final_yes_partial
sm_3891f9ce5992dd07,partial,,retain_final_yes_partial
sm_397a4811446fe887,yes,,retain_final_yes_partial
sm_397fd8857b3d3b89,partial,,retain_final_yes_partial
sm_3a0bee881e8cb425,yes,,retain_final_yes_partial
sm_3a46948b7ef8396f,partial,,retain_final_yes_partial
sm_3a56fb8a1340780d,partial,,retain_final_yes_partial
sm_3ad1acb98ddf4e20,partial,,retain_final_yes_partial
sm_3b4542eeef59067b,partial,,retain_final_yes_partial
sm_3b9b8079876f173a,yes,,retain_final_yes_partial
sm_3c841197dd9fecc4,yes,,retain_final_yes_partial
sm_3d6b600eac1adb2d,partial,,retain_final_yes_partial
sm_3d8ec9669b8673e1,yes,,retain_final_yes_partial
sm_3db274edd6c28776,yes,,retain_final_yes_partial
sm_3e0b48483a309d3e,yes,,retain_final_yes_partial
sm_3e4764c0b0bec0a0,yes,,retain_final_yes_partial
sm_3e963bee602fc721,partial,,retain_final_yes_partial
sm_3ec3658770c95e00,partial,,retain_final_yes_partial
sm_3ee1a08940c1d34a,yes,,retain_final_yes_partial
sm_3eead3d2e16ce3fc,yes,,retain_final_yes_partial
sm_3f0099f64f31fe73,yes,,retain_final_yes_partial
sm_3f4f4cb097cd6e94,partial,,retain_final_yes_partial
sm_3fed8a53aed5824e,partial,,retain_final_yes_partial
sm_402622642d2653ac,yes,,retain_final_yes_partial
sm_40903f83c956d252,yes,,retain_final_yes_partial
sm_4128ae1089f75159,yes,,retain_final_yes_partial
sm_413125cbbe0cfbf1,yes,,retain_final_yes_partial
sm_417ee7cc22eac601,yes,,retain_final_yes_partial
sm_41f7879d5b98202d,yes,,retain_final_yes_partial
sm_41fc7b3cbcf3672a,yes,,retain_final_yes_partial
sm_4283fc0753965139,partial,,retain_final_yes_partial
sm_43616251ea867f5a,partial,,retain_final_yes_partial
sm_43fbb4629b3e0774,partial,,retain_final_yes_partial
sm_4432732e9ed70c2f,partial,,retain_final_yes_partial
sm_44742a75f2ae113d,partial,,retain_final_yes_partial
sm_44bc481f576f05bb,yes,,retain_final_yes_partial
sm_46a367218dccc689,yes,,retain_final_yes_partial
sm_46b5092d79035f4d,yes,,retain_final_yes_partial
sm_4733b898892d3ace,partial,,retain_final_yes_partial
sm_4787e290de3d06a0,yes,,retain_final_yes_partial
sm_481b1d3c45464d42,yes,,retain_final_yes_partial
sm_48db3fe714ea86a8,yes,,retain_final_yes_partial
sm_491045d7eb0bd9ec,partial,,retain_final_yes_partial
sm_49ce9181479ec461,partial,,retain_final_yes_partial
sm_49e1868c7d36aa47,yes,,retain_final_yes_partial
sm_4bd9badb2ba357a2,yes,,retain_final_yes_partial
sm_4d03d7f31aef3369,no,no,exclude_confirmed_no
sm_4d757354cb952de4,yes,,retain_final_yes_partial
sm_4ea5b6faa2ff6d3e,yes,,retain_final_yes_partial
sm_4f6b07c9d86ec424,partial,,retain_final_yes_partial
sm_50896177a63b4039,partial,,retain_final_yes_partial
sm_509742e973095269,yes,,retain_final_yes_partial
sm_50cfe802a4b62ea4,partial,,retain_final_yes_partial
sm_5103145afdc112e6,yes,,retain_final_yes_partial
sm_518ccd841d1bbb57,yes,,retain_final_yes_partial
sm_5216fe094b64793e,partial,,retain_final_yes_partial
sm_52233d4639f4343f,yes,,retain_final_yes_partial
sm_528f3784b9f7cda1,yes,,retain_final_yes_partial
sm_52ac266b445b3576,yes,,retain_final_yes_partial
sm_53639364d7fb3eb3,partial,,retain_final_yes_partial
sm_53a9b43c24220a1f,yes,,retain_final_yes_partial
sm_53c88ac8bcd82f69,partial,,retain_final_yes_partial
sm_53d0a8bbbdab9c47,yes,,retain_final_yes_partial
sm_53f1e6150c159127,yes,,retain_final_yes_partial
sm_541abe3e55c5e684,yes,,retain_final_yes_partial
sm_558771216d90dfc3,yes,,retain_final_yes_partial
sm_55a4549c1c3de759,partial,,retain_final_yes_partial
sm_55eb1b978532422e,yes,,retain_final_yes_partial
sm_568817ffbd7fc3bd,yes,,retain_final_yes_partial
sm_577bacbe0f4f7db1,partial,,retain_final_yes_partial
sm_5955398c95eac4fc,yes,,retain_final_yes_partial
sm_5a805419388afaaf,partial,,retain_final_yes_partial
sm_5bf548df250ded51,yes,,retain_final_yes_partial
sm_5d33981349330f36,yes,,retain_final_yes_partial
sm_5d5354ac0149082f,partial,,retain_final_yes_partial
sm_5dca053e903c1622,partial,,retain_final_yes_partial
sm_5dd648f0e4e41abe,yes,,retain_final_yes_partial
sm_5e20c6d34a616732,partial,,retain_final_yes_partial
sm_5ea9951047312c09,yes,,retain_final_yes_partial
sm_5ee593f143726718,yes,,retain_final_yes_partial
sm_5efd14b8800ba968,yes,,retain_final_yes_partial
sm_5ffd413e0c7bc6a2,yes,,retain_final_yes_partial
sm_60b0594816614751,partial,,retain_final_yes_partial
sm_60d136e85ba7e38b,yes,,retain_final_yes_partial
sm_60f3da9814b89831,partial,,retain_final_yes_partial
sm_6123b3d9c891d45c,yes,,retain_final_yes_partial
sm_620a2eee45eb0485,partial,,retain_final_yes_partial
sm_628c8c12e7f32600,partial,,retain_final_yes_partial
sm_62f5f2e00e152f44,partial,,retain_final_yes_partial
sm_63484c0d3f104285,partial,,retain_final_yes_partial
sm_63a23da2044260e8,yes,,retain_final_yes_partial
sm_63e38b859d2d2a7c,partial,,retain_final_yes_partial
sm_6447293a468c4572,yes,,retain_final_yes_partial
sm_6517bffb1db96449,yes,,retain_final_yes_partial
sm_65eea4b943a9b2b4,yes,,retain_final_yes_partial
sm_66104a8d27fc520b,partial,,retain_final_yes_partial
sm_6648eb241820402a,partial,,retain_final_yes_partial
sm_66e6e007c3018b51,partial,,retain_final_yes_partial
sm_6745d7a20787d756,partial,,retain_final_yes_partial
sm_6815f169cd0898fe,yes,,retain_final_yes_partial
sm_685ab838553c9a67,yes,,retain_final_yes_partial
sm_68bd5fb72bfa4e82,yes,,retain_final_yes_partial
sm_68fe82c82a6a6c59,partial,,retain_final_yes_partial
sm_691015dc9a06c9c3,yes,,retain_final_yes_partial
sm_6afc1840e4b97f72,partial,,retain_final_yes_partial
sm_6ca06719b6ace841,no,yes,retain_tiebreak_yes_partial
sm_6cc990014b189fb8,yes,,retain_final_yes_partial
sm_6d47b2b2a55b652e,yes,,retain_final_yes_partial
sm_6dff94f3af736033,partial,,retain_final_yes_partial
sm_6e8f38686abd9f03,partial,,retain_final_yes_partial
sm_6fadc7edae1900da,partial,,retain_final_yes_partial
sm_6ffea3e0088895b5,yes,,retain_final_yes_partial
sm_70dce4ca240ae06a,yes,,retain_final_yes_partial
sm_7116d690d93b1d66,partial,,retain_final_yes_partial
sm_71717fa0184fc8c9,yes,,retain_final_yes_partial
sm_72490b565efcf788,yes,,retain_final_yes_partial
sm_730fa1191beb6249,partial,,retain_final_yes_partial
sm_731c0d4240b2183b,partial,,retain_final_yes_partial
sm_742bb515f9c616af,yes,,retain_final_yes_partial
sm_74e92095af2ecf80,yes,,retain_final_yes_partial
sm_75affa7207aeba16,yes,,retain_final_yes_partial
sm_75e45d3c2e9e485d,yes,,retain_final_yes_partial
sm_75f86d818e31dfa0,partial,,retain_final_yes_partial
sm_766c2a6f47e44170,partial,,retain_final_yes_partial
sm_774deb03d09bb380,yes,,retain_final_yes_partial
sm_7750189bcc55ee89,yes,,retain_final_yes_partial
sm_7785c80128a92104,yes,,retain_final_yes_partial
sm_77d057d5c66cc65c,partial,,retain_final_yes_partial
sm_77f52b8187c7e76c,partial,,retain_final_yes_partial
sm_79e08889579394bb,partial,,retain_final_yes_partial
sm_7a03d8f6be499c0d,partial,,retain_final_yes_partial
sm_7a3351c93748dae5,partial,,retain_final_yes_partial
sm_7ad19e9847ac3b5a,yes,,retain_final_yes_partial
sm_7b019d1421cbfe00,no,no,exclude_confirmed_no
sm_7b71d82b9164f4d3,yes,,retain_final_yes_partial
sm_7b935d35395db854,yes,,retain_final_yes_partial
sm_7c5076bbe65c64db,yes,,retain_final_yes_partial
sm_7c8e2a33c81dff66,partial,,retain_final_yes_partial
sm_7d477d16062e6ee7,yes,,retain_final_yes_partial
sm_7e52d3aa31b800f9,partial,,retain_final_yes_partial
sm_7e7f3fbf880decce,yes,,retain_final_yes_partial
sm_7fbecdf9b2650778,partial,,retain_final_yes_partial
sm_8074d106012aa372,yes,,retain_final_yes_partial
sm_808eb1a068f9d01d,partial,,retain_final_yes_partial
sm_80ec16275ed05a40,yes,,retain_final_yes_partial
sm_81d50d5f19ce96ae,yes,,retain_final_yes_partial
sm_83f67024d3fb6384,yes,,retain_final_yes_partial
sm_8563d399ac44dd96,yes,,retain_final_yes_partial
sm_85c74181df990b34,yes,,retain_final_yes_partial
sm_865c7f4886115851,yes,,retain_final_yes_partial
sm_8680fd189a65baeb,yes,,retain_final_yes_partial
sm_86cf94435be2c738,partial,,retain_final_yes_partial
sm_873180a6637f0028,partial,,retain_final_yes_partial
sm_87e11531b9200954,yes,,retain_final_yes_partial
sm_87f771ca12c25b7a,partial,,retain_final_yes_partial
sm_8914754594856ff8,yes,,retain_final_yes_partial
sm_894214b0243965b9,partial,,retain_final_yes_partial
sm_8b761e515c884b2a,yes,,retain_final_yes_partial
sm_8caffa05fbcafcfb,yes,,retain_final_yes_partial
sm_8d52c071e93b9e26,yes,,retain_final_yes_partial
sm_8df060abedbad2dc,yes,,retain_final_yes_partial
sm_8e9dd448f456faaf,partial,,retain_final_yes_partial
sm_8ef0e9ed15a789b9,partial,,retain_final_yes_partial
sm_9009482c5c7b6a7f,yes,,retain_final_yes_partial
sm_9046ebacf325b046,partial,,retain_final_yes_partial
sm_90775cf19b335f35,partial,,retain_final_yes_partial
sm_90f7e23ba023d4af,partial,,retain_final_yes_partial
sm_92123b31b4c78d7f,yes,,retain_final_yes_partial
sm_926687ee87693b6a,partial,,retain_final_yes_partial
sm_92a495ba0fac796e,yes,,retain_final_yes_partial
sm_92f2010eb556a228,yes,,retain_final_yes_partial
sm_93500470622920c2,yes,,retain_final_yes_partial
sm_940e2841973447c7,yes,,retain_final_yes_partial
sm_944715d9f46241a6,yes,,retain_final_yes_partial
sm_94ccb6b40ffe377e,yes,,retain_final_yes_partial
sm_94f50c3fbd2990f8,yes,,retain_final_yes_partial
sm_9532b208fd301f36,yes,,retain_final_yes_partial
sm_9551e93b189b660f,partial,,retain_final_yes_partial
sm_95650131b5da9393,yes,,retain_final_yes_partial
sm_956505af67f8f63a,yes,,retain_final_yes_partial
sm_95e17348ee277273,yes,,retain_final_yes_partial
sm_9693967dac3ae384,partial,,retain_final_yes_partial
sm_96cc29702cd87da6,partial,,retain_final_yes_partial
sm_971805fdcb6665ac,partial,,retain_final_yes_partial
sm_9749c8f06e0d535b,yes,,retain_final_yes_partial
sm_97c8c61aa0fbfe78,partial,,retain_final_yes_partial
sm_97e7f41763440656,yes,,retain_final_yes_partial
sm_987512a40af708f1,yes,,retain_final_yes_partial
sm_98cf45c6e0732a99,yes,,retain_final_yes_partial
sm_98d8e36df465f1df,yes,,retain_final_yes_partial
sm_99102da1c7d35386,yes,,retain_final_yes_partial
sm_9950a0206b41c06d,partial,,retain_final_yes_partial
sm_9971e116dadc1f75,yes,,retain_final_yes_partial
sm_997cbd49ce9a5cab,partial,,retain_final_yes_partial
sm_9985ba454dbb8d83,partial,,retain_final_yes_partial
sm_9adb946e5dc51aeb,yes,,retain_final_yes_partial
sm_9b2df9049a7cd253,yes,,retain_final_yes_partial
sm_9b8bb16a6c013b55,yes,,retain_final_yes_partial
sm_9bc986b08a187bfe,partial,,retain_final_yes_partial
sm_9c41a1159162fc68,yes,,retain_final_yes_partial
sm_9cd53aca952ad3c7,yes,,retain_final_yes_partial
sm_9cf5a66c56761a5f,partial,,retain_final_yes_partial
sm_9d1abc206c5e0888,partial,,retain_final_yes_partial
sm_9d832b58764daff8,yes,,retain_final_yes_partial
sm_9e49f772daeadec2,yes,,retain_final_yes_partial
sm_9e6dfc68b03ea79a,partial,,retain_final_yes_partial
sm_9f86f245754181bc,yes,,retain_final_yes_partial
sm_a00fc501d46ca645,yes,,retain_final_yes_partial
sm_a086a599f18865c7,yes,,retain_final_yes_partial
sm_a12ee1caa01dbd97,yes,,retain_final_yes_partial
sm_a147a93bb4e3ac58,yes,,retain_final_yes_partial
sm_a1b846dc79709efe,yes,,retain_final_yes_partial
sm_a1c6fb61ddb66734,yes,,retain_final_yes_partial
sm_a2671a06f1b4e882,yes,,retain_final_yes_partial
sm_a2d172fde3bf0f17,partial,,retain_final_yes_partial
sm_a2e031d3312180ac,yes,,retain_final_yes_partial
sm_a41479ed0a1244ba,yes,,retain_final_yes_partial
sm_a427c517a9f93c34,partial,,retain_final_yes_partial
sm_a45f411b2b1dada2,partial,,retain_final_yes_partial
sm_a4c203d4b281fc84,yes,,retain_final_yes_partial
sm_a566480903c70e8e,yes,,retain_final_yes_partial
sm_a59d1301cb87bd66,partial,,retain_final_yes_partial
sm_a5ec98749b03891f,yes,,retain_final_yes_partial
sm_a6107219d8ddd147,yes,,retain_final_yes_partial
sm_a6269c207e50a818,yes,,retain_final_yes_partial
sm_a66dee9cdc6b0695,yes,,retain_final_yes_partial
sm_a6a20fdfbdad9761,yes,,retain_final_yes_partial
sm_a700547033e900f4,yes,,retain_final_yes_partial
sm_a72fadae49fd4f63,yes,,retain_final_yes_partial
sm_a75dca2c484eecf0,partial,,retain_final_yes_partial
sm_a92824fecee73656,yes,,retain_final_yes_partial
sm_a95c6be72c1262ae,partial,,retain_final_yes_partial
sm_a99ea1e7798df6b4,partial,,retain_final_yes_partial
sm_a9bc5ba83e36ccc9,yes,,retain_final_yes_partial
sm_a9c5e7c363ef64da,yes,,retain_final_yes_partial
sm_aba471131b1e3ce3,yes,,retain_final_yes_partial
sm_ac0960b139efd6fe,no,no,exclude_confirmed_no
sm_ac1ddf3593458da1,partial,,retain_final_yes_partial
sm_ac3346054c2583e5,yes,,retain_final_yes_partial
sm_ac3623402c1c2708,partial,,retain_final_yes_partial
sm_ac52aabc79a016b6,partial,,retain_final_yes_partial
sm_ac76865c95f1e1cf,yes,,retain_final_yes_partial
sm_ac8c7db4a01c7425,yes,,retain_final_yes_partial
sm_ad7b13c2bbe856d4,yes,,retain_final_yes_partial
sm_af1d504bf208b443,partial,,retain_final_yes_partial
sm_af6df6a0a5dd48cf,yes,,retain_final_yes_partial
sm_b109e52e99011de4,yes,,retain_final_yes_partial
sm_b14dea5b1c081d59,partial,,retain_final_yes_partial
sm_b17189ade499a476,yes,,retain_final_yes_partial
sm_b1c38ab876806e1b,yes,,retain_final_yes_partial
sm_b2358aebda291a60,yes,,retain_final_yes_partial
sm_b310c035223dbd75,yes,,retain_final_yes_partial
sm_b337f05868e15683,partial,,retain_final_yes_partial
sm_b34af6ddceae98d0,yes,,retain_final_yes_partial
sm_b377a0a5b951ac67,yes,,retain_final_yes_partial
sm_b38926b3da5649f8,yes,,retain_final_yes_partial
sm_b3908fdb47a02094,partial,,retain_final_yes_partial
sm_b4c0783184027ff7,yes,,retain_final_yes_partial
sm_b55b633ab50c549f,yes,,retain_final_yes_partial
sm_b5fd9e7d520817dd,yes,,retain_final_yes_partial
sm_b79a0b4982756d41,yes,,retain_final_yes_partial
sm_b7c146ff1dc7df87,partial,,retain_final_yes_partial
sm_b81d59fc12ba65e9,partial,,retain_final_yes_partial
sm_b87df283a475664f,yes,,retain_final_yes_partial
sm_b9499af6285ccf31,partial,,retain_final_yes_partial
sm_b985e9b3cce4a052,partial,,retain_final_yes_partial
sm_b9fff3f42ac4a3ca,yes,,retain_final_yes_partial
sm_bb8359abb8a64819,yes,,retain_final_yes_partial
sm_bc17387ea697e994,partial,,retain_final_yes_partial
sm_bcc4ff3bc29c8b0f,partial,,retain_final_yes_partial
sm_bcda3e84f83db29a,yes,,retain_final_yes_partial
sm_bd3240fffb422604,yes,,retain_final_yes_partial
sm_bd4256c99ef002d7,partial,,retain_final_yes_partial
sm_bd67d0aa302827e1,partial,,retain_final_yes_partial
sm_bf01dc529340cefb,yes,,retain_final_yes_partial
sm_bf1a813d6fbfe531,yes,,retain_final_yes_partial
sm_bf2bddc5f873abca,yes,,retain_final_yes_partial
sm_bf6fbc900c034eff,yes,,retain_final_yes_partial
sm_bf9aeb47072b8f8e,yes,,retain_final_yes_partial
sm_bfae695df5519004,partial,,retain_final_yes_partial
sm_c006e5b8af170de7,yes,,retain_final_yes_partial
sm_c025d90585e71dbd,yes,,retain_final_yes_partial
sm_c10a58f84b0d3173,yes,,retain_final_yes_partial
sm_c15f31dc15f0c8c4,yes,,retain_final_yes_partial
sm_c185081a9607ecbc,partial,,retain_final_yes_partial
sm_c19d94196823d2b7,yes,,retain_final_yes_partial
sm_c1b5e952bd7e83ab,partial,,retain_final_yes_partial
sm_c22b22d8f929360e,yes,,retain_final_yes_partial
sm_c2abda90def6e9ac,yes,,retain_final_yes_partial
sm_c36ae6202c10ef27,partial,,retain_final_yes_partial
sm_c3aea4b021528dbf,yes,,retain_final_yes_partial
sm_c3d16d1601cf642d,partial,,retain_final_yes_partial
sm_c3e16afec3239732,partial,,retain_final_yes_partial
sm_c403f947b7882dfb,no,partial,retain_tiebreak_yes_partial
sm_c47f5a9f4bf404f5,yes,,retain_final_yes_partial
sm_c5b6f22645f55104,yes,,retain_final_yes_partial
sm_c6642e54e29ce6aa,partial,,retain_final_yes_partial
sm_c6a2d306b996fa57,partial,,retain_final_yes_partial
sm_c6db52f60774ef58,yes,,retain_final_yes_partial
sm_c711c8826442d067,yes,,retain_final_yes_partial
sm_c7ff749427a1da18,partial,,retain_final_yes_partial
sm_c869e6a1a6ae44f8,partial,,retain_final_yes_partial
sm_c88267ab9ddc7fc7,yes,,retain_final_yes_partial
sm_c92ef62fdd2476fe,yes,,retain_final_yes_partial
sm_c937e98ec9c96aa0,yes,,retain_final_yes_partial
sm_c995b221f21e9f78,partial,,retain_final_yes_partial
sm_c9a4633fe14721f3,yes,,retain_final_yes_partial
sm_c9ccd5cb1f0f8b30,yes,,retain_final_yes_partial
sm_ca46cb1cfac67de0,yes,,retain_final_yes_partial
sm_caa816374b500a44,partial,,retain_final_yes_partial
sm_cb11bbbc49964c94,partial,,retain_final_yes_partial
sm_cb241c5bde97c8f2,partial,,retain_final_yes_partial
sm_cb7d2a8540ec7cfc,yes,,retain_final_yes_partial
sm_cb849e3ad310f4ae,partial,,retain_final_yes_partial
sm_cbb6227e92b23c5d,yes,,retain_final_yes_partial
sm_cc397b5708cce76f,yes,,retain_final_yes_partial
sm_cce1e3609005b2bc,yes,,retain_final_yes_partial
sm_cde329d611825926,yes,,retain_final_yes_partial
sm_ce4069b83844da19,yes,,retain_final_yes_partial
sm_ce41153ac85b51ff,partial,,retain_final_yes_partial
sm_ce487d9fdb7da992,partial,,retain_final_yes_partial
sm_cf2ff5b51e79cc9e,yes,,retain_final_yes_partial
sm_cfe25320e73dc96d,yes,,retain_final_yes_partial
sm_d0300a66142543c9,yes,,retain_final_yes_partial
sm_d0fad5107e60c6bf,yes,,retain_final_yes_partial
sm_d14d2e80a96ae1ff,yes,,retain_final_yes_partial
sm_d17b939e4255b816,partial,,retain_final_yes_partial
sm_d1d3e1fb72d65dbd,yes,,retain_final_yes_partial
sm_d2c21e3438f616fb,yes,,retain_final_yes_partial
sm_d2d79f8f7817dbce,partial,,retain_final_yes_partial
sm_d35c6e22600104ae,partial,,retain_final_yes_partial
sm_d38d91fbe17bd396,yes,,retain_final_yes_partial
sm_d4741c2088d1b7cf,partial,,retain_final_yes_partial
sm_d475e14e36a6eded,partial,,retain_final_yes_partial
sm_d47bc04396054a61,partial,,retain_final_yes_partial
sm_d52f535a113ce143,partial,,retain_final_yes_partial
sm_d589ecb923f062d0,yes,,retain_final_yes_partial
sm_d6a9c7e1572b32d3,yes,,retain_final_yes_partial
sm_d7638825ad6e043b,yes,,retain_final_yes_partial
sm_d768aa71c110d213,partial,,retain_final_yes_partial
sm_d7d4a62cf7a27aa8,yes,,retain_final_yes_partial
sm_d8cf1569e0bfce48,yes,,retain_final_yes_partial
sm_d953f4ac0e9844f2,partial,,retain_final_yes_partial
sm_d97a69019edd9f15,yes,,retain_final_yes_partial
sm_d9afb7b8f57877ae,partial,,retain_final_yes_partial
sm_da1d4948c8a18eae,partial,,retain_final_yes_partial
sm_da31fd544973b22b,yes,,retain_final_yes_partial
sm_daaf66140fd3742e,yes,,retain_final_yes_partial
sm_dbd370c279181f2d,yes,,retain_final_yes_partial
sm_dc3cf28337c01317,partial,,retain_final_yes_partial
sm_dc568b5b2267af81,yes,,retain_final_yes_partial
sm_dd5909f661ef4395,yes,,retain_final_yes_partial
sm_dd9dd8235b858954,partial,,retain_final_yes_partial
sm_de097ed6d76c6d6c,yes,,retain_final_yes_partial
sm_de481809d083a8ec,yes,,retain_final_yes_partial
sm_de6cbf21d4e46d69,yes,,retain_final_yes_partial
sm_dfc58f6df6a1e46d,yes,,retain_final_yes_partial
sm_e06b21590d76bed2,yes,,retain_final_yes_partial
sm_e138b19034f71ade,yes,,retain_final_yes_partial
sm_e174314e622eaffc,yes,,retain_final_yes_partial
sm_e1afe1e909b47a26,yes,,retain_final_yes_partial
sm_e2ad1e3fe6412765,yes,,retain_final_yes_partial
sm_e2debe12c8dfe52f,partial,,retain_final_yes_partial
sm_e35a9acb135283aa,yes,,retain_final_yes_partial
sm_e393dcc2e12889b4,yes,,retain_final_yes_partial
sm_e422b47bc0b8b54b,yes,,retain_final_yes_partial
sm_e422f5fefd943f78,yes,,retain_final_yes_partial
sm_e5421c260ce0e1e5,partial,,retain_final_yes_partial
sm_e54de4cf3f1215f4,yes,,retain_final_yes_partial
sm_e5e4805210aee031,no,no,exclude_confirmed_no
sm_e623d6d6da0be6c7,yes,,retain_final_yes_partial
sm_e7370d4ba4897b74,partial,,retain_final_yes_partial
sm_e7d2dcc2a4c79daf,yes,,retain_final_yes_partial
sm_e8b13106fb7e2c01,partial,,retain_final_yes_partial
sm_e8e689077f0c1c39,yes,,retain_final_yes_partial
sm_ea38f8bacca63e1d,yes,,retain_final_yes_partial
sm_ea3e474f04655b5b,partial,,retain_final_yes_partial
sm_ea41b9fc40c44cbe,yes,,retain_final_yes_partial
sm_ea54b18d68f7860b,partial,,retain_final_yes_partial
sm_eaa579fc7e6d64af,yes,,retain_final_yes_partial
sm_eb5d086918915f92,yes,,retain_final_yes_partial
sm_eb7305ed544b30f4,partial,,retain_final_yes_partial
sm_ebb77d37368d342f,yes,,retain_final_yes_partial
sm_ebba1ef9d990d4fe,partial,,retain_final_yes_partial
sm_ec1ba01a77e7934f,partial,,retain_final_yes_partial
sm_ec25f8774baac6da,yes,,retain_final_yes_partial
sm_ec445de642fac4dd,partial,,retain_final_yes_partial
sm_ec706384d3ae4173,yes,,retain_final_yes_partial
sm_ecf17dd5947637f7,partial,,retain_final_yes_partial
sm_ed541059a5188d7f,yes,,retain_final_yes_partial
sm_ee0b89da770a875e,yes,,retain_final_yes_partial
sm_efefaa0f57307a38,yes,,retain_final_yes_partial
sm_f30af5da100187cd,yes,,retain_final_yes_partial
sm_f32227cd5bc57035,partial,,retain_final_yes_partial
sm_f39ca6ae306c6aa8,partial,,retain_final_yes_partial
sm_f4a00eacd6551ad0,partial,,retain_final_yes_partial
sm_f4f6b1b820a2a65a,yes,,retain_final_yes_partial
sm_f4fa99bb646acb01,yes,,retain_final_yes_partial
sm_f5531acbfd09814e,yes,,retain_final_yes_partial
sm_f5a4b00e69a7669c,yes,,retain_final_yes_partial
sm_f668cfbb7af2e0bd,partial,,retain_final_yes_partial
sm_f68579d0f17a7697,yes,,retain_final_yes_partial
sm_f69878ee5538c47e,partial,,retain_final_yes_partial
sm_f6c0f04a74bb195a,yes,,retain_final_yes_partial
sm_f6d910c9e3e0b59d,yes,,retain_final_yes_partial
sm_f6e4c038edd5b31b,yes,,retain_final_yes_partial
sm_f6fa432890b4dfe5,partial,,retain_final_yes_partial
sm_f7de16c7ec4a311c,yes,,retain_final_yes_partial
sm_f7f5dd6a4a083f7f,partial,,retain_final_yes_partial
sm_f7f8483a326afa9a,yes,,retain_final_yes_partial
sm_f81e1dae136e5375,partial,,retain_final_yes_partial
sm_f829aa8d71777322,partial,,retain_final_yes_partial
sm_f8a410ae6e8b3f54,partial,,retain_final_yes_partial
sm_f8cebb563ec5e4d5,partial,,retain_final_yes_partial
sm_f8ea458f4409f892,yes,,retain_final_yes_partial
sm_f8f3ab85b9a42cdc,partial,,retain_final_yes_partial
sm_f9be9b187bf5cf3e,yes,,retain_final_yes_partial
sm_f9f52c4d7da3a56e,yes,,retain_final_yes_partial
sm_fa48346f78439471,yes,,retain_final_yes_partial
sm_fac5b17151905394,partial,,retain_final_yes_partial
sm_fb1923b4f003f1cc,partial,,retain_final_yes_partial
sm_fc668779c12461ae,yes,,retain_final_yes_partial
sm_fcf6a0bf70e118d5,yes,,retain_final_yes_partial
sm_fd46a400c1ee0bf0,partial,,retain_final_yes_partial
sm_fd524342903f8bac,partial,,retain_final_yes_partial
sm_fda0a5bc93a4abc8,yes,,retain_final_yes_partial
sm_fdca916466b8fcdc,yes,,retain_final_yes_partial
sm_fe5b49ada65ec96b,partial,,retain_final_yes_partial
sm_fe6a2ae538b575c7,yes,,retain_final_yes_partial
sm_fe956da804282d48,yes,,retain_final_yes_partial
sm_fe97cbc661736a3e,partial,,retain_final_yes_partial
sm_feb6fe9adb4f7369,yes,,retain_final_yes_partial
sm_ff8d8b18ccb4fbae,partial,,retain_final_yes_partial
sm_ffc059c710da603a,yes,,retain_final_yes_partial
sm_ffce18b569b511dc,yes,,retain_final_yes_partial
sm_regenmc_02f4955ad632f0e6,partial,,retain_final_yes_partial
sm_regenmc_045e8e4d8f43d540,yes,,retain_final_yes_partial
sm_regenmc_0651df3e8d3fe576,yes,,retain_final_yes_partial
sm_regenmc_06a89e2a33f562ac,yes,,retain_final_yes_partial
sm_regenmc_089015780ed7bd27,yes,,retain_final_yes_partial
sm_regenmc_099f89f66741fb84,yes,,retain_final_yes_partial
sm_regenmc_09ed51d1c3311d02,yes,,retain_final_yes_partial
sm_regenmc_0ad5cab6a02a1d26,partial,,retain_final_yes_partial
sm_regenmc_0b85b90c11704576,yes,,retain_final_yes_partial
sm_regenmc_0bf9e3b66ccecdef,yes,,retain_final_yes_partial
sm_regenmc_0bffe9e3b90e983c,partial,,retain_final_yes_partial
sm_regenmc_0cf11a2ae7c9aefe,yes,,retain_final_yes_partial
sm_regenmc_0de97aa0ffb8ee55,partial,,retain_final_yes_partial
sm_regenmc_0edd3638bc163ab5,yes,,retain_final_yes_partial
sm_regenmc_0f6b7f43dd0bb925,yes,,retain_final_yes_partial
sm_regenmc_0f889bdf67d0f2b0,yes,,retain_final_yes_partial
sm_regenmc_10e0271ccf10e28a,yes,,retain_final_yes_partial
sm_regenmc_11ef50a1ccd05817,yes,,retain_final_yes_partial
sm_regenmc_1234376d6c57460a,partial,,retain_final_yes_partial
sm_regenmc_12f440d1cabae111,yes,,retain_final_yes_partial
sm_regenmc_12feb97d5a1469f1,yes,,retain_final_yes_partial
sm_regenmc_141a4106e21d41c2,partial,,retain_final_yes_partial
sm_regenmc_16a222ec973ddada,yes,,retain_final_yes_partial
sm_regenmc_185b7bc1b8e6a49d,yes,,retain_final_yes_partial
sm_regenmc_1964460e2ede084d,partial,,retain_final_yes_partial
sm_regenmc_1975893c7fa77846,yes,,retain_final_yes_partial
sm_regenmc_19e9ddf36b26364e,yes,,retain_final_yes_partial
sm_regenmc_1a6c54bc3a2bbb66,yes,,retain_final_yes_partial
sm_regenmc_1abaaf2462127c3f,yes,,retain_final_yes_partial
sm_regenmc_1ac9851f874cfdaa,yes,,retain_final_yes_partial
sm_regenmc_1afac6a5116aa031,yes,,retain_final_yes_partial
sm_regenmc_1b075966ffedddd4,yes,,retain_final_yes_partial
sm_regenmc_1b26a05c521af9d2,yes,,retain_final_yes_partial
sm_regenmc_1b37ad13a8beda8d,yes,,retain_final_yes_partial
sm_regenmc_1cc53e6995a58db9,partial,,retain_final_yes_partial
sm_regenmc_1d10b3bd5461eafc,yes,,retain_final_yes_partial
sm_regenmc_1d639a25a90c5b6c,partial,,retain_final_yes_partial
sm_regenmc_1e3e50821337d1d1,yes,,retain_final_yes_partial
sm_regenmc_1e5178fe13ec8571,yes,,retain_final_yes_partial
sm_regenmc_1ebe0da3999ca6f8,yes,,retain_final_yes_partial
sm_regenmc_1f694e697b6b2a5d,yes,,retain_final_yes_partial
sm_regenmc_1fd6a0b161e82d37,yes,,retain_final_yes_partial
sm_regenmc_20432cbb5d2f6b22,yes,,retain_final_yes_partial
sm_regenmc_20525b3bf9cd3459,partial,,retain_final_yes_partial
sm_regenmc_20e757d984842456,partial,,retain_final_yes_partial
sm_regenmc_2182ea79593862c7,yes,,retain_final_yes_partial
sm_regenmc_21acb7a0edbc281a,yes,,retain_final_yes_partial
sm_regenmc_21b395b5ff3c3c78,yes,,retain_final_yes_partial
sm_regenmc_2279b921605c9661,yes,,retain_final_yes_partial
sm_regenmc_23697ee10aa10c49,yes,,retain_final_yes_partial
sm_regenmc_258f8a18fdd37509,yes,,retain_final_yes_partial
sm_regenmc_26bbf015757dd6c4,yes,,retain_final_yes_partial
sm_regenmc_28dfb7c2f694eaa4,yes,,retain_final_yes_partial
sm_regenmc_294d28871666efa2,yes,,retain_final_yes_partial
sm_regenmc_296718a7130e1bc9,yes,,retain_final_yes_partial
sm_regenmc_2988de90e5c0bacb,no,no,exclude_confirmed_no
sm_regenmc_2a770ccdb89dd76d,yes,,retain_final_yes_partial
sm_regenmc_2a7ca94fb76a7fe8,yes,,retain_final_yes_partial
sm_regenmc_2b3f38f0455cd4e1,yes,,retain_final_yes_partial
sm_regenmc_2cf1ffb623b2c727,yes,,retain_final_yes_partial
sm_regenmc_2d1a4d50e724097a,partial,,retain_final_yes_partial
sm_regenmc_2d46ba6d23b50b0c,yes,,retain_final_yes_partial
sm_regenmc_2de5b8678ea87193,partial,,retain_final_yes_partial
sm_regenmc_2f0f1d5ada137548,yes,,retain_final_yes_partial
sm_regenmc_318ffbd6d2cb18ea,yes,,retain_final_yes_partial
sm_regenmc_3194faf87530ed74,yes,,retain_final_yes_partial
sm_regenmc_31afabc869206fd3,yes,,retain_final_yes_partial
sm_regenmc_31c45ac76a72722c,yes,,retain_final_yes_partial
sm_regenmc_34061ec2bd37ce1d,yes,,retain_final_yes_partial
sm_regenmc_357ae3d1fb6a2b3d,no,partial,retain_tiebreak_yes_partial
sm_regenmc_36c201ea3134683f,yes,,retain_final_yes_partial
sm_regenmc_3721fa4d32091f69,yes,,retain_final_yes_partial
sm_regenmc_387191dda645166d,yes,,retain_final_yes_partial
sm_regenmc_39355b0e21d10fb7,yes,,retain_final_yes_partial
sm_regenmc_39527a31f007aedf,partial,,retain_final_yes_partial
sm_regenmc_39990cca0e8a6810,yes,,retain_final_yes_partial
sm_regenmc_39ff2e47ff2d7bfb,yes,,retain_final_yes_partial
sm_regenmc_3ba8e224f8cd4d2f,yes,,retain_final_yes_partial
sm_regenmc_3bff7cae7de14163,yes,,retain_final_yes_partial
sm_regenmc_3dedce3a886776f7,partial,,retain_final_yes_partial
sm_regenmc_3e66f0cc18d4fbe7,yes,,retain_final_yes_partial
sm_regenmc_3f36c8232f37da9e,yes,,retain_final_yes_partial
sm_regenmc_3fb2c4f4cb8ffc0a,yes,,retain_final_yes_partial
sm_regenmc_42778ccdb690b163,yes,,retain_final_yes_partial
sm_regenmc_42bbe679efb7cd4e,yes,,retain_final_yes_partial
sm_regenmc_44205d00dd0f9b4c,partial,,retain_final_yes_partial
sm_regenmc_44a4d5f23fc10c86,yes,,retain_final_yes_partial
sm_regenmc_467a696bc67265f9,yes,,retain_final_yes_partial
sm_regenmc_4aeeb094769107d1,yes,,retain_final_yes_partial
sm_regenmc_4b728bd822dde8d2,yes,,retain_final_yes_partial
sm_regenmc_4d9176dd0d02a00e,yes,,retain_final_yes_partial
sm_regenmc_4f65cccad773a1da,yes,,retain_final_yes_partial
sm_regenmc_4f86d1edd779f6cd,yes,,retain_final_yes_partial
sm_regenmc_51a870bf46bc8f4c,yes,,retain_final_yes_partial
sm_regenmc_51dd954f9c076344,yes,,retain_final_yes_partial
sm_regenmc_53180fd86a3c3d2b,yes,,retain_final_yes_partial
sm_regenmc_534d4b429cb772e4,partial,,retain_final_yes_partial
sm_regenmc_5352c919348ea0d4,yes,,retain_final_yes_partial
sm_regenmc_53d7e679c7dfa756,yes,,retain_final_yes_partial
sm_regenmc_566ba319375c5fff,yes,,retain_final_yes_partial
sm_regenmc_5820b167e71effc1,partial,,retain_final_yes_partial
sm_regenmc_584652f8342ed311,yes,,retain_final_yes_partial
sm_regenmc_5847a4d025800d32,yes,,retain_final_yes_partial
sm_regenmc_58ffe04977ba49e2,partial,,retain_final_yes_partial
sm_regenmc_5b479e042e4051e2,yes,,retain_final_yes_partial
sm_regenmc_5ec610b267156892,yes,,retain_final_yes_partial
sm_regenmc_5ecc569b6d923a33,yes,,retain_final_yes_partial
sm_regenmc_5fc39e2adfd44920,yes,,retain_final_yes_partial
sm_regenmc_5ffdded816fe784e,partial,,retain_final_yes_partial
sm_regenmc_601d50721b673e7a,yes,,retain_final_yes_partial
sm_regenmc_6083f82d7c6ce82e,yes,,retain_final_yes_partial
sm_regenmc_60c1b9bafdab1902,yes,,retain_final_yes_partial
sm_regenmc_63610eee388d0121,partial,,retain_final_yes_partial
sm_regenmc_63f74f975cd2d47a,yes,,retain_final_yes_partial
sm_regenmc_65173774db9c6605,partial,,retain_final_yes_partial
sm_regenmc_65c8a6e8400277e6,yes,,retain_final_yes_partial
sm_regenmc_65c9545e37db8c89,yes,,retain_final_yes_partial
sm_regenmc_6696c471b9b9024c,yes,,retain_final_yes_partial
sm_regenmc_67a3171d6a3a6d32,yes,,retain_final_yes_partial
sm_regenmc_6990f47c2989b125,yes,,retain_final_yes_partial
sm_regenmc_69a8c9d9083e1b57,partial,,retain_final_yes_partial
sm_regenmc_6d77c2b51a90ab57,yes,,retain_final_yes_partial
sm_regenmc_6dbdb6285db18136,yes,,retain_final_yes_partial
sm_regenmc_6e0369d2089c294b,yes,,retain_final_yes_partial
sm_regenmc_6fa4484d38021a11,yes,,retain_final_yes_partial
sm_regenmc_70814a0688154994,yes,,retain_final_yes_partial
sm_regenmc_718b78243d9b0fb6,yes,,retain_final_yes_partial
sm_regenmc_71d8c0dcf6aaf877,yes,,retain_final_yes_partial
sm_regenmc_72a5721444532318,yes,,retain_final_yes_partial
sm_regenmc_74352a3e158be245,yes,,retain_final_yes_partial
sm_regenmc_74c57fa70a02b994,yes,,retain_final_yes_partial
sm_regenmc_757d48377527a3c1,yes,,retain_final_yes_partial
sm_regenmc_76170dc2f8589acd,yes,,retain_final_yes_partial
sm_regenmc_762ac7aa1ebd9c9b,yes,,retain_final_yes_partial
sm_regenmc_7831208841bde996,partial,,retain_final_yes_partial
sm_regenmc_784dbb119f556623,yes,,retain_final_yes_partial
sm_regenmc_78b43da8f32ab9af,yes,,retain_final_yes_partial
sm_regenmc_78d37dfcdc909598,yes,,retain_final_yes_partial
sm_regenmc_78e2781b15190d23,yes,,retain_final_yes_partial
sm_regenmc_7a3fc3138435293c,yes,,retain_final_yes_partial
sm_regenmc_7b7b28bd92fdf8ae,yes,,retain_final_yes_partial
sm_regenmc_7c00ba6fc30d629e,yes,,retain_final_yes_partial
sm_regenmc_7c1e4c26594f183f,yes,,retain_final_yes_partial
sm_regenmc_7ed7470e9a7f39e3,partial,,retain_final_yes_partial
sm_regenmc_7f0d828d3da26b7e,yes,,retain_final_yes_partial
sm_regenmc_80efa650ac898fcd,yes,,retain_final_yes_partial
sm_regenmc_81ff2676f04264c5,partial,,retain_final_yes_partial
sm_regenmc_82e3ab196cb6e063,yes,,retain_final_yes_partial
sm_regenmc_831de3160b14afd1,partial,,retain_final_yes_partial
sm_regenmc_8334ea993d514f48,yes,,retain_final_yes_partial
sm_regenmc_83f8d6e3cfc9830e,yes,,retain_final_yes_partial
sm_regenmc_861a183619e74a92,yes,,retain_final_yes_partial
sm_regenmc_868cd9599b054218,yes,,retain_final_yes_partial
sm_regenmc_86a57396106696e0,yes,,retain_final_yes_partial
sm_regenmc_86d732aa580ec537,yes,,retain_final_yes_partial
sm_regenmc_86f6185107ed00f9,yes,,retain_final_yes_partial
sm_regenmc_872d001720587962,yes,,retain_final_yes_partial
sm_regenmc_87ea2e69d493bb9f,yes,,retain_final_yes_partial
sm_regenmc_89c65d1fedaa2c45,yes,,retain_final_yes_partial
sm_regenmc_8abedc02126b2065,yes,,retain_final_yes_partial
sm_regenmc_8b9c2350e189c0a6,yes,,retain_final_yes_partial
sm_regenmc_8c6509f2666f54f9,yes,,retain_final_yes_partial
sm_regenmc_8fa98cdfe2a23e4d,yes,,retain_final_yes_partial
sm_regenmc_9061dd16812609e4,yes,,retain_final_yes_partial
sm_regenmc_93d78d50dee3524b,partial,,retain_final_yes_partial
sm_regenmc_940a4ccbf3dfe890,yes,,retain_final_yes_partial
sm_regenmc_942480ee57896faf,partial,,retain_final_yes_partial
sm_regenmc_95cc471614847c28,yes,,retain_final_yes_partial
sm_regenmc_95d0efdcd962ef34,yes,,retain_final_yes_partial
sm_regenmc_96009ee1f4f36947,yes,,retain_final_yes_partial
sm_regenmc_97d5f83fb2f6dc0c,yes,,retain_final_yes_partial
sm_regenmc_9816a289edbecaac,yes,,retain_final_yes_partial
sm_regenmc_98ff3c886a95ce00,yes,,retain_final_yes_partial
sm_regenmc_99f58cd5fd8c0e08,partial,,retain_final_yes_partial
sm_regenmc_9a860c037ad8cdd6,yes,,retain_final_yes_partial
sm_regenmc_9dba07173e787feb,yes,,retain_final_yes_partial
sm_regenmc_9ea02fdd77202293,yes,,retain_final_yes_partial
sm_regenmc_9fe533ac4c1b522c,yes,,retain_final_yes_partial
sm_regenmc_a129f346da3da263,yes,,retain_final_yes_partial
sm_regenmc_a183185e87628e21,yes,,retain_final_yes_partial
sm_regenmc_a1bbb95876d0c0c7,yes,,retain_final_yes_partial
sm_regenmc_a211737f439eb28e,yes,,retain_final_yes_partial
sm_regenmc_a357ee6661b82775,yes,,retain_final_yes_partial
sm_regenmc_a39be6d7ec22db65,yes,,retain_final_yes_partial
sm_regenmc_a54f55cd66c285db,yes,,retain_final_yes_partial
sm_regenmc_a5ad252bb8198ddb,yes,,retain_final_yes_partial
sm_regenmc_a70f0aaaa7fdfb8c,yes,,retain_final_yes_partial
sm_regenmc_a766afc48c6b20d4,yes,,retain_final_yes_partial
sm_regenmc_a8d0aa8b438573d7,yes,,retain_final_yes_partial
sm_regenmc_a8f993298764caf4,yes,,retain_final_yes_partial
sm_regenmc_a99ac5c1ce05988f,yes,,retain_final_yes_partial
sm_regenmc_aa038dd63c982183,yes,,retain_final_yes_partial
sm_regenmc_ada201d0eded9ad9,yes,,retain_final_yes_partial
sm_regenmc_ae3b00e04c52c54a,yes,,retain_final_yes_partial
sm_regenmc_ae734114bcd9c331,yes,,retain_final_yes_partial
sm_regenmc_af6c77785110f393,yes,,retain_final_yes_partial
sm_regenmc_afeea6140b376bfd,yes,,retain_final_yes_partial
sm_regenmc_b01250bc0ed2ae40,partial,,retain_final_yes_partial
sm_regenmc_b05c70aecf805077,yes,,retain_final_yes_partial
sm_regenmc_b1c6d938e58b0d55,yes,,retain_final_yes_partial
sm_regenmc_b2a35f3363b42e6a,yes,,retain_final_yes_partial
sm_regenmc_b2f20cd2cf2ca142,yes,,retain_final_yes_partial
sm_regenmc_b3f7f4f5ed1629df,partial,,retain_final_yes_partial
sm_regenmc_b4b060a1a0f3c9ed,partial,,retain_final_yes_partial
sm_regenmc_b530c446c9c64fe1,partial,,retain_final_yes_partial
sm_regenmc_b5a8e122ec4a69dc,partial,,retain_final_yes_partial
sm_regenmc_b641c437b36cb8f1,yes,,retain_final_yes_partial
sm_regenmc_b74b683029b391cb,yes,,retain_final_yes_partial
sm_regenmc_b923df9677f2ae0f,yes,,retain_final_yes_partial
sm_regenmc_bae405ea310bd98b,yes,,retain_final_yes_partial
sm_regenmc_bb7eb503625d8990,partial,,retain_final_yes_partial
sm_regenmc_bd5d1c7df0df5192,yes,,retain_final_yes_partial
sm_regenmc_bdd0c4577af7249d,yes,,retain_final_yes_partial
sm_regenmc_be3a43003542bc05,yes,,retain_final_yes_partial
sm_regenmc_bef7bfc122d4623c,yes,,retain_final_yes_partial
sm_regenmc_bf02c335e6b3a4da,yes,,retain_final_yes_partial
sm_regenmc_c18a6de0b0bad63b,yes,,retain_final_yes_partial
sm_regenmc_c223f7a299b6c1de,no,no,exclude_confirmed_no
sm_regenmc_c2e8190b51511a82,yes,,retain_final_yes_partial
sm_regenmc_c438f201467a836f,yes,,retain_final_yes_partial
sm_regenmc_c4c22906d9a3771c,yes,,retain_final_yes_partial
sm_regenmc_c5545f93dd4b02d3,yes,,retain_final_yes_partial
sm_regenmc_c5667b42d3a3d887,yes,,retain_final_yes_partial
sm_regenmc_c9c3e2d9b4c8e460,yes,,retain_final_yes_partial
sm_regenmc_cac4b99ea5075e1a,yes,,retain_final_yes_partial
sm_regenmc_ce02bcb301bb955b,yes,,retain_final_yes_partial
sm_regenmc_ce0d86e6e02e9926,yes,,retain_final_yes_partial
sm_regenmc_ce161dc46f78be5e,yes,,retain_final_yes_partial
sm_regenmc_ce1c518f08959190,yes,,retain_final_yes_partial
sm_regenmc_ce6ccc83dd295ad8,yes,,retain_final_yes_partial
sm_regenmc_cee50f5a2e732dca,yes,,retain_final_yes_partial
sm_regenmc_cfd8e2c6368d8acf,yes,,retain_final_yes_partial
sm_regenmc_d08e97e790cee4d0,yes,,retain_final_yes_partial
sm_regenmc_d130a7d12cc0438e,partial,,retain_final_yes_partial
sm_regenmc_d23c45648960c1d9,partial,,retain_final_yes_partial
sm_regenmc_d24fe160098c9e7b,yes,,retain_final_yes_partial
sm_regenmc_d3f23f806dd34841,partial,,retain_final_yes_partial
sm_regenmc_d42a05b11040f73f,yes,,retain_final_yes_partial
sm_regenmc_d44b36fa892ab9af,yes,,retain_final_yes_partial
sm_regenmc_d56820f6bc5b7ca9,yes,,retain_final_yes_partial
sm_regenmc_d5a2934efd51b24d,yes,,retain_final_yes_partial
sm_regenmc_d6b88aad209f660f,yes,,retain_final_yes_partial
sm_regenmc_d7ca9dbd0d37ba24,no,no,exclude_confirmed_no
sm_regenmc_d9b49affe5ec3b62,yes,,retain_final_yes_partial
sm_regenmc_d9baaa76ec6eb059,yes,,retain_final_yes_partial
sm_regenmc_d9c6bd29736c5e35,yes,,retain_final_yes_partial
sm_regenmc_d9d69b090cf8a884,partial,,retain_final_yes_partial
sm_regenmc_db286dd9c3d25493,yes,,retain_final_yes_partial
sm_regenmc_db6b8970584b5aad,yes,,retain_final_yes_partial
sm_regenmc_db969d842facb1ec,yes,,retain_final_yes_partial
sm_regenmc_dd13c65d7d60ae55,partial,,retain_final_yes_partial
sm_regenmc_dd23f725d17443e2,yes,,retain_final_yes_partial
sm_regenmc_dd391af254758c0f,yes,,retain_final_yes_partial
sm_regenmc_df39e1c952cf3654,yes,,retain_final_yes_partial
sm_regenmc_df631a81a796bacc,yes,,retain_final_yes_partial
sm_regenmc_dfb582a24ad07244,yes,,retain_final_yes_partial
sm_regenmc_e2f04ac15336c080,partial,,retain_final_yes_partial
sm_regenmc_e353107b681f3f4a,yes,,retain_final_yes_partial
sm_regenmc_e3f9a4e0d497d90a,yes,,retain_final_yes_partial
sm_regenmc_e57486588fee2311,yes,,retain_final_yes_partial
sm_regenmc_e57f550c2e08ad25,yes,,retain_final_yes_partial
sm_regenmc_e64ee97acfed196a,yes,,retain_final_yes_partial
sm_regenmc_e6d635dd7fb6393e,yes,,retain_final_yes_partial
sm_regenmc_e6f5011095a725f1,yes,,retain_final_yes_partial
sm_regenmc_e7d2d80c2b87ebf3,yes,,retain_final_yes_partial
sm_regenmc_e83fad5245366ef1,partial,,retain_final_yes_partial
sm_regenmc_e89589ec2a286646,yes,,retain_final_yes_partial
sm_regenmc_e997233894b8af30,yes,,retain_final_yes_partial
sm_regenmc_ea9ef878437c0e6b,yes,,retain_final_yes_partial
sm_regenmc_eb410a2f3bf4b3f9,yes,,retain_final_yes_partial
sm_regenmc_eba8c51f9e0b1af0,yes,,retain_final_yes_partial
sm_regenmc_ecc34798c3d37f90,partial,,retain_final_yes_partial
sm_regenmc_edcad54ea8bf357d,yes,,retain_final_yes_partial
sm_regenmc_f01a17d653f7fb4e,yes,,retain_final_yes_partial
sm_regenmc_f0803d22f788bd2d,yes,,retain_final_yes_partial
sm_regenmc_f10c7c037ca452d0,yes,,retain_final_yes_partial
sm_regenmc_f1155ebe571705f5,partial,,retain_final_yes_partial
sm_regenmc_f20a39d5e6052899,yes,,retain_final_yes_partial
sm_regenmc_f310d4627e45a8a5,yes,,retain_final_yes_partial
sm_regenmc_f371c2aefed7bc6a,yes,,retain_final_yes_partial
sm_regenmc_f39ec9c04396494a,yes,,retain_final_yes_partial
sm_regenmc_f42fe6623ca65edc,yes,,retain_final_yes_partial
sm_regenmc_f4ddc0f2680f496b,yes,,retain_final_yes_partial
sm_regenmc_f623c6f3d10da5d5,yes,,retain_final_yes_partial
sm_regenmc_fa847936f59d9dcb,yes,,retain_final_yes_partial
sm_regenmc_fadefc31d26a791a,yes,,retain_final_yes_partial
sm_regenmc_fc14f3dc47c3cf9c,partial,,retain_final_yes_partial
sm_regenmc_fc342192649a1e66,yes,,retain_final_yes_partial
sm_regenmc_fc5f191749fe4c1d,yes,,retain_final_yes_partial
sm_regenmc_fce8ad1f12cdda09,yes,,retain_final_yes_partial
sm_regenmc_fcf0bb8eee142ba5,yes,,retain_final_yes_partial
sm_regenmc_fda0abaa1515e8ee,partial,,retain_final_yes_partial
sm_regenmc_fe43809020bc423b,yes,,retain_final_yes_partial
sm_regenmc_feca9377c53dc01b,partial,,retain_final_yes_partial
sm_topup_058dcf3712c8ad10,yes,,retain_final_yes_partial
sm_topup_090d13f4b66a799c,yes,,retain_final_yes_partial
sm_topup_0bae6a065f991bcb,yes,,retain_final_yes_partial
sm_topup_0c8da4d099c5c07c,partial,,retain_final_yes_partial
sm_topup_0f6d36c879505a07,partial,,retain_final_yes_partial
sm_topup_13859bff05d61b81,partial,,retain_final_yes_partial
sm_topup_1405d808ad730bbe,yes,,retain_final_yes_partial
sm_topup_149f4852d62aaf55,partial,,retain_final_yes_partial
sm_topup_14f06115fa528a8c,partial,,retain_final_yes_partial
sm_topup_157ece19afccf56a,yes,,retain_final_yes_partial
sm_topup_15c68ed16b469159,yes,,retain_final_yes_partial
sm_topup_178352fc511f57f4,yes,,retain_final_yes_partial
sm_topup_17aaa8b475dbb803,yes,,retain_final_yes_partial
sm_topup_19037df07b4238be,yes,,retain_final_yes_partial
sm_topup_1dd1a863e4329cc0,yes,,retain_final_yes_partial
sm_topup_20e6fbbaf7e63a2b,yes,,retain_final_yes_partial
sm_topup_25bc90bee6400219,yes,,retain_final_yes_partial
sm_topup_2ca01683fa92676a,partial,,retain_final_yes_partial
sm_topup_2df0d57c04438ccb,partial,,retain_final_yes_partial
sm_topup_30c4b01cc393b301,yes,,retain_final_yes_partial
sm_topup_32b8dc1c73c639e3,partial,,retain_final_yes_partial
sm_topup_32f4857b631e52ee,yes,,retain_final_yes_partial
sm_topup_330a66fcc1108156,partial,,retain_final_yes_partial
sm_topup_36ce71d91320db94,yes,,retain_final_yes_partial
sm_topup_39c0a2453cc53f4d,partial,,retain_final_yes_partial
sm_topup_3c83407a8687493b,yes,,retain_final_yes_partial
sm_topup_3df6a7071a47dc75,yes,,retain_final_yes_partial
sm_topup_3ecc72c5e8bb8ef5,partial,,retain_final_yes_partial
sm_topup_4111d8822a10c01d,yes,,retain_final_yes_partial
sm_topup_447a8d48f0c02cc3,partial,,retain_final_yes_partial
sm_topup_45e295cb9704ef63,partial,,retain_final_yes_partial
sm_topup_488e33d0c1405903,yes,,retain_final_yes_partial
sm_topup_4903acb97668eb76,partial,,retain_final_yes_partial
sm_topup_4ccd5f81698305dd,yes,,retain_final_yes_partial
sm_topup_4def90871b6beed5,yes,,retain_final_yes_partial
sm_topup_52cee9ef6971242d,partial,,retain_final_yes_partial
sm_topup_586db630e7eb55af,partial,,retain_final_yes_partial
sm_topup_58bb24cd49bb4745,partial,,retain_final_yes_partial
sm_topup_5b0f42aea7481918,partial,,retain_final_yes_partial
sm_topup_5da5ad866634dad8,partial,,retain_final_yes_partial
sm_topup_5e9d7451cc16ecc3,partial,,retain_final_yes_partial
sm_topup_6b254d3e6934bb33,partial,,retain_final_yes_partial
sm_topup_6dfcb8c0a851070f,partial,,retain_final_yes_partial
sm_topup_6eec012006be31db,yes,,retain_final_yes_partial
sm_topup_71fb91e2584f52a6,partial,,retain_final_yes_partial
sm_topup_72502c4c4489a21a,yes,,retain_final_yes_partial
sm_topup_743c0a8f661f287e,yes,,retain_final_yes_partial
sm_topup_76709a14e4db74f4,partial,,retain_final_yes_partial
sm_topup_771b882fa3e34de7,yes,,retain_final_yes_partial
sm_topup_777c38162e67d8de,yes,,retain_final_yes_partial
sm_topup_78068875df931b67,partial,,retain_final_yes_partial
sm_topup_78a27c94ed87d801,partial,,retain_final_yes_partial
sm_topup_7a0e37ffe899f02c,partial,,retain_final_yes_partial
sm_topup_7b9a10534fb33be2,yes,,retain_final_yes_partial
sm_topup_81a707e1163b4a87,partial,,retain_final_yes_partial
sm_topup_8247b8196d8240fb,yes,,retain_final_yes_partial
sm_topup_82c19533a227c71d,yes,,retain_final_yes_partial
sm_topup_8a62da3ab0df9e13,partial,,retain_final_yes_partial
sm_topup_8cae31a8b69f4e27,yes,,retain_final_yes_partial
sm_topup_8eb4ac72d25827fe,yes,,retain_final_yes_partial
sm_topup_968a338c68ad1641,yes,,retain_final_yes_partial
sm_topup_996276fc38f425fa,partial,,retain_final_yes_partial
sm_topup_99e7aeab887aadd6,partial,,retain_final_yes_partial
sm_topup_9b3f862917c5b7be,yes,,retain_final_yes_partial
sm_topup_9c8e3644714a9948,yes,,retain_final_yes_partial
sm_topup_9dd2bb5c5d657574,partial,,retain_final_yes_partial
sm_topup_a0deaea659274f1a,partial,,retain_final_yes_partial
sm_topup_a19ebff1d4ed719b,yes,,retain_final_yes_partial
sm_topup_a5d84e9067308a7e,yes,,retain_final_yes_partial
sm_topup_a61c505d5bf7f1f4,partial,,retain_final_yes_partial
sm_topup_a639dba6532596a0,yes,,retain_final_yes_partial
sm_topup_a76664f5a989af4e,partial,,retain_final_yes_partial
sm_topup_a816f12b28ea7883,yes,,retain_final_yes_partial
sm_topup_a88e761ae61ea087,yes,,retain_final_yes_partial
sm_topup_ab562ea0bf8bfd4a,partial,,retain_final_yes_partial
sm_topup_ac004806132f1875,yes,,retain_final_yes_partial
sm_topup_ad3dad7b13ee68a5,yes,,retain_final_yes_partial
sm_topup_af839e320dbc9cb2,partial,,retain_final_yes_partial
sm_topup_af9a637cbb304254,partial,,retain_final_yes_partial
sm_topup_b24672f369294bd6,yes,,retain_final_yes_partial
sm_topup_b4cd7ceb807622e7,partial,,retain_final_yes_partial
sm_topup_b59bc0a835082a16,yes,,retain_final_yes_partial
sm_topup_b6ba0adc7e70a242,partial,,retain_final_yes_partial
sm_topup_b7dfd5e7fb44bb64,yes,,retain_final_yes_partial
sm_topup_b7f3af61ad52db2c,partial,,retain_final_yes_partial
sm_topup_b8e16540436c2afb,partial,,retain_final_yes_partial
sm_topup_baccf2aa76386114,yes,,retain_final_yes_partial
sm_topup_c0aa34636811ef58,partial,,retain_final_yes_partial
sm_topup_c154440497b7cd29,partial,,retain_final_yes_partial
sm_topup_c2ca8b19fcc5c8a6,yes,,retain_final_yes_partial
sm_topup_c715bbac2b20f6e1,partial,,retain_final_yes_partial
sm_topup_c93f2a9d0c6edc4d,yes,,retain_final_yes_partial
sm_topup_c93f6219ce23e9d9,partial,,retain_final_yes_partial
sm_topup_cacd2e2ac206b9c9,partial,,retain_final_yes_partial
sm_topup_cc7846f327180a55,partial,,retain_final_yes_partial
sm_topup_ce525deae8a134db,yes,,retain_final_yes_partial
sm_topup_cf643e15f92d275b,partial,,retain_final_yes_partial
sm_topup_d0f8e4bac5dbbe6a,yes,,retain_final_yes_partial
sm_topup_d0f9d9679aedd333,partial,,retain_final_yes_partial
sm_topup_d1923e09627cb713,partial,,retain_final_yes_partial
sm_topup_d46316b5e51deba8,partial,,retain_final_yes_partial
sm_topup_db1b1aace3c0429c,partial,,retain_final_yes_partial
sm_topup_dcd2a0ab084870c8,partial,,retain_final_yes_partial
sm_topup_dfdfe92402bef922,yes,,retain_final_yes_partial
sm_topup_e458ab266c3e4a7f,partial,,retain_final_yes_partial
sm_topup_e5593ecf63dc7e6d,yes,,retain_final_yes_partial
sm_topup_e7a40d60fe16ac8a,partial,,retain_final_yes_partial
sm_topup_ea0586c007b7638f,partial,,retain_final_yes_partial
sm_topup_eafe32c2feab99c5,yes,,retain_final_yes_partial
sm_topup_efa035988071e684,partial,,retain_final_yes_partial
sm_topup_efc6d123e14014dd,yes,,retain_final_yes_partial
sm_topup_f00bfb04278743bb,yes,,retain_final_yes_partial
sm_topup_f4a94d8fb4e4d5b1,partial,,retain_final_yes_partial
sm_topup_f7ac2f6d81589cac,yes,,retain_final_yes_partial
sm_topup_f9bbd6cc57fdc341,yes,,retain_final_yes_partial
sm_topup_fccc3832934188f2,partial,,retain_final_yes_partial
sm_topup_fd2b6d0defe578c3,yes,,retain_final_yes_partial
